週開始日(月),週終了日(日),累計登録医師数,WAU,WAU率(%),MAU,MAU率(%),平均DAU,DAU率(%),ヘビーユーザー数,ヘビー化率(%),週次検索ボリューム,週次ユニークユーザー数
週の月曜日,週の日曜日,医師認証済み（doctorInfo=1）または招待コード経由（みなし医師）の累計登録数,当該週に1回以上検索した医師数,WAU / 累計登録医師数。登録した医師のうち、週次でアクティブな割合,過去28日間に検索を1回以上行った医師数,分子=MAU / 分母=累計登録医師数。月次で見た利用率,週内の日別検索者数の平均,分子=平均DAU / 分母=累計登録医師数。日次ベースでの利用率,28日間に10回以上検索した医師。習慣的利用の指標,ヘビーユーザー / MAU,当該週の全ユーザーの総検索回数,当該週の全ユーザーのユニークユーザー数
2025-10-27,2025-11-02,258,22,8.53,51,19.77,4.00,1.55,7,13.70,60,22
2025-11-03,2025-11-09,259,14,5.41,50,19.31,2.43,0.94,5,10.00,37,14
2025-11-10,2025-11-16,288,51,17.71,81,28.12,10.71,3.72,9,11.10,220,52
2025-11-17,2025-11-23,297,39,13.13,86,28.96,7.71,2.60,12,14.00,118,39
2025-11-24,2025-11-30,304,31,10.20,89,29.28,5.43,1.79,15,16.90,131,31
2025-12-01,2025-12-07,347,85,24.50,134,38.62,15.86,4.57,19,14.20,281,93
2025-12-08,2025-12-14,355,56,15.77,137,38.59,11.71,3.30,21,15.30,202,58
2025-12-15,2025-12-21,370,47,12.70,139,37.57,9.71,2.63,23,16.50,164,49
2025-12-22,2025-12-28,520,156,30.00,253,48.65,28.43,5.47,19,7.50,401,182
2025-12-29,2026-01-04,527,28,5.31,221,41.94,5.14,0.98,15,6.80,95,34
2026-01-05,2026-01-11,541,51,9.43,215,39.74,10.86,2.01,14,6.50,180,56
2026-01-12,2026-01-18,556,52,9.35,219,39.39,12.00,2.16,13,5.90,196,55
2026-01-19,2026-01-25,562,36,6.41,110,19.57,9.00,1.60,16,14.50,129,38
2026-01-26,2026-02-01,587,46,7.84,121,20.61,11.14,1.90,20,16.50,177,49
2026-02-02,2026-02-08,613,63,10.28,130,21.21,13.71,2.24,19,14.60,222,66
2026-02-09,2026-02-15,627,62,9.89,134,21.37,12.29,1.96,20,14.90,247,70
2026-02-16,2026-02-22,661,68,10.29,156,23.60,15.43,2.33,27,17.30,327,74
2026-02-23,2026-03-01,671,65,9.69,167,24.89,15.14,2.26,28,16.80,358,67
2026-03-02,2026-03-08,685,66,9.64,169,24.67,15.86,2.31,33,19.50,265,72
2026-03-09,2026-03-15,693,55,7.94,158,22.80,12.71,1.83,31,19.60,247,69
2026-03-16,2026-03-22,706,45,6.37,145,20.54,11.71,1.66,31,21.40,253,74
2026-03-23,2026-03-29,747,72,9.64,147,19.68,17.57,2.35,32,21.80,409,91
2026-03-30,2026-04-05,785,76,9.68,156,19.87,18.86,2.40,32,20.50,395,100
2026-04-06,2026-04-12,831,103,12.39,177,21.30,27.14,3.27,44,24.90,734,133
2026-04-13,2026-04-19,873,122,13.97,220,25.20,35.57,4.07,63,28.60,788,140
2026-04-20,2026-04-26,905,112,12.38,235,25.97,36.71,4.06,76,32.30,990,140
2026-04-27,2026-05-03,936,120,12.82,253,27.03,36.86,3.94,85,33.60,748,139
2026-05-04,2026-05-10,964,105,10.89,240,24.90,24.43,2.53,87,36.20,518,115
2026-05-11,2026-05-17,980,126,12.86,230,23.47,36.43,3.72,86,37.40,884,147
2026-05-18,2026-05-24,1020,133,13.04,248,24.31,45.86,4.50,92,37.10,1075,153
2026-05-25,2026-05-31,1027,124,12.07,235,22.88,38.29,3.73,88,37.40,847,142
2026-06-01,2026-06-07,1058,126,11.91,242,22.87,33.57,3.17,94,38.80,647,141
2026-06-08,2026-06-14,1132,164,14.49,274,24.20,40.71,3.60,94,34.30,935,193
2026-06-15,2026-06-21,1147,145,12.64,279,24.32,40.14,3.50,86,30.80,829,158
2026-06-22,2026-06-28,1162,132,11.36,282,24.27,37.29,3.21,88,31.20,826,142
2026-06-29,2026-07-05,1249,147,11.77,290,23.22,43.00,3.44,99,34.10,909,164
2026-07-06,2026-07-12,1265,168,13.28,298,23.56,46.57,3.68,100,33.60,957,182
2026-07-13,2026-07-19,1274,138,10.83,292,22.92,40.14,3.15,97,33.20,879,148
2026-07-20,2026-07-26,1286,134,10.42,282,21.93,34.57,2.69,103,36.50,688,144
2026-07-27,2026-08-02,1302,147,11.29,287,22.04,41.86,3.21,93,32.40,792,159
2026-08-03,2026-08-09,1311,143,10.91,273,20.82,37.14,2.83,85,31.10,805,151
2026-08-10,2026-08-16,1339,137,10.23,284,21.21,33.57,2.51,82,28.90,795,151
2026-08-17,2026-08-23,1353,155,11.46,299,22.10,43.29,3.20,85,28.40,818,171
2026-08-24,2026-08-30,1362,126,9.25,281,20.63,35.57,2.61,82,29.20,675,147
2026-08-31,2026-09-06,1375,159,11.56,277,20.15,41.29,3.00,84,30.30,890,171
2026-09-07,2026-09-13,1382,136,9.84,269,19.46,39.00,2.82,95,35.30,966,151
2026-09-14,2026-09-20,1391,123,8.84,259,18.62,34.43,2.48,91,35.10,706,137
2026-09-21,2026-09-27,1399,98,7.01,249,17.80,24.14,1.73,79,31.70,608,109
2026-09-28,2026-10-04,1410,139,9.86,241,17.09,37.00,2.62,75,31.10,730,152
2026-10-02,2026-10-08,1415,125,8.83,238,16.82,33.00,2.33,74,31.10,795,144
